title,score,num_comments,created_utc,subreddit,url
Looking for mods!,1,0,2025-07-09 22:31:26,ProAIArtists,https://www.reddit.com/r/ProAIArtists/comments/1lvwf0r/looking_for_mods/
What is this?,1,0,2025-07-09 22:31:25,Pixelary,https://www.reddit.com/r/Pixelary/comments/1lvwf00/what_is_this/
This person is part of the reason why Pro AI's arguments get so much prejudice,1,0,2025-07-09 22:30:56,aiwars,https://www.reddit.com/r/aiwars/comments/1lvwelb/this_person_is_part_of_the_reason_why_pro_ais/
New Asteroid Discovered! (Capacity: 14625kg),1,0,2025-07-09 22:30:42,opinionWarsDev,https://www.reddit.com/r/opinionWarsDev/comments/1lvweey/new_asteroid_discovered_capacity_14625kg/
New Asteroid Discovered! (Capacity: 12262kg),1,0,2025-07-09 22:30:42,opinionWarsDev,https://www.reddit.com/r/opinionWarsDev/comments/1lvweex/new_asteroid_discovered_capacity_12262kg/
New Asteroid Discovered! (Capacity: 7559kg),1,0,2025-07-09 22:30:42,opinionWarsDev,https://www.reddit.com/r/opinionWarsDev/comments/1lvweew/new_asteroid_discovered_capacity_7559kg/
New Asteroid Discovered! (Capacity: 6315kg),1,0,2025-07-09 22:30:42,opinionWarsDev,https://www.reddit.com/r/opinionWarsDev/comments/1lvweev/new_asteroid_discovered_capacity_6315kg/
New Asteroid Discovered! (Capacity: 6599kg),1,0,2025-07-09 22:30:42,opinionWarsDev,https://www.reddit.com/r/opinionWarsDev/comments/1lvweeu/new_asteroid_discovered_capacity_6599kg/
New Asteroid Discovered! (Capacity: 14929kg),1,0,2025-07-09 22:30:42,opinionWarsDev,https://www.reddit.com/r/opinionWarsDev/comments/1lvweer/new_asteroid_discovered_capacity_14929kg/
New Asteroid Discovered! (Capacity: 12676kg),1,0,2025-07-09 22:30:42,opinionWarsDev,https://www.reddit.com/r/opinionWarsDev/comments/1lvweeq/new_asteroid_discovered_capacity_12676kg/
Survey on AI Awareness and Usage in the IT Field,1,0,2025-07-09 22:30:40,SurveyExchange,https://forms.gle/neXpy3wthiCW2rUSA
Looking for Unpaid Part-time Internship (I will not promote),1,0,2025-07-09 22:30:21,startups,https://www.reddit.com/r/startups/comments/1lvwe4d/looking_for_unpaid_parttime_internship_i_will_not/
Generate Pimsleur Like Lessons?,0,0,2025-07-09 22:30:18,ChineseLanguage,https://www.reddit.com/r/ChineseLanguage/comments/1lvwe39/generate_pimsleur_like_lessons/
What is this?,1,0,2025-07-09 22:30:16,Pixelary,https://www.reddit.com/r/Pixelary/comments/1lvwe2c/what_is_this/
NQ Futures Trading Signal - 2025-07-09,1,0,2025-07-09 22:30:06,QuantSignals,https://www.reddit.com/r/QuantSignals/comments/1lvwdx2/nq_futures_trading_signal_20250709/
Pouvez vous m‚Äôaider √† retrouver un album?,2,1,2025-07-09 22:30:06,lostmediaQC,https://www.reddit.com/r/lostmediaQC/comments/1lvwdwv/pouvez_vous_maider_√†_retrouver_un_album/
NQ Futures Trading Signal - 2025-07-09,1,0,2025-07-09 22:30:05,HenryZhang,https://www.reddit.com/r/HenryZhang/comments/1lvwdwo/nq_futures_trading_signal_20250709/
Pareto.AI Human Resources Contact,0,1,2025-07-09 22:30:04,UKJobs,https://www.reddit.com/r/UKJobs/comments/1lvwdw1/paretoai_human_resources_contact/
Math or physics study,2,0,2025-07-09 22:29:49,mathematics,https://www.reddit.com/r/mathematics/comments/1lvwdnk/math_or_physics_study/
What is this?,1,1,2025-07-09 22:29:35,Pixelary,https://www.reddit.com/r/Pixelary/comments/1lvwdgl/what_is_this/
"Keeping it a buck big dogs. I guess they need to ""adapt"" dont they?",1,0,2025-07-09 22:29:12,antiai,https://i.redd.it/27slm7sadxbf1.png
Built a planning bundle and AI tools to make South Asian weddings less chaotic‚Äîlooking for 5 couples to test it free!,1,0,2025-07-09 22:29:07,engaged,https://www.reddit.com/r/engaged/comments/1lvwd3x/built_a_planning_bundle_and_ai_tools_to_make/
"‚òÖ ""CALL ME IF YOU GET LOST"" ‚òÖ (Oohh üó£Ô∏èüí•üî•)",5,0,2025-07-09 22:28:53,TheDigitalCircus,https://i.redd.it/azxik819dxbf1.jpeg
What if they created this whole persona and we're watching it being played out,3,0,2025-07-09 22:28:38,IceNineKills,https://www.reddit.com/r/IceNineKills/comments/1lvwcpw/what_if_they_created_this_whole_persona_and_were/
"Between the job market and AI, I‚Äôm constantly worrying about my future",2,1,2025-07-09 22:28:33,anxiety_support,https://www.reddit.com/r/anxiety_support/comments/1lvwcn5/between_the_job_market_and_ai_im_constantly/
Picard and Dathon at El-Adrel,1,2,2025-07-09 22:28:29,startrek,https://www.reddit.com/r/startrek/comments/1lvwcl6/picard_and_dathon_at_eladrel/
"Introducing PrintGuard: Secure, Local, & Blazing-Fast AI Print Failure Detection on the Edge!",1,0,2025-07-09 22:28:20,prusa3d,/r/3Dprinting/comments/1lvvto5/introducing_printguard_secure_local_blazingfast/
Find the best position in 2 moves,1,1,2025-07-09 22:28:20,chessquiz,https://www.reddit.com/r/chessquiz/comments/1lvwchh/find_the_best_position_in_2_moves/
Best Kendrick Album?,1,1,2025-07-09 22:28:15,teenpoll,https://www.reddit.com/r/teenpoll/comments/1lvwcel/best_kendrick_album/
Youtube Will Stop Monetizing AI Generated/Low Effort Videos Starting July 15th,0,3,2025-07-09 22:27:58,PartneredYoutube,https://www.reddit.com/r/PartneredYoutube/comments/1lvwc61/youtube_will_stop_monetizing_ai_generatedlow/
Vaultboy Calls's Post,1,0,2025-07-09 22:27:56,VaultboyPortal,https://www.reddit.com/r/VaultboyPortal/comments/1lvwc4j/vaultboy_callss_post/
Vaultboy Calls's Post,1,0,2025-07-09 22:27:53,VaultboyPortal,https://www.reddit.com/r/VaultboyPortal/comments/1lvwc2p/vaultboy_callss_post/
Vaultboy Calls's Post,1,0,2025-07-09 22:27:52,VaultboyPortal,https://www.reddit.com/r/VaultboyPortal/comments/1lvwc2a/vaultboy_callss_post/
"Introducing PrintGuard: Secure, Local, & Blazing-Fast AI Print Failure Detection on the Edge!",1,0,2025-07-09 22:27:22,BambuLab,/r/3Dprinting/comments/1lvvto5/introducing_printguard_secure_local_blazingfast/
How screwed am I?,1,1,2025-07-09 22:27:15,ASUS,https://www.reddit.com/r/ASUS/comments/1lvwbjb/how_screwed_am_i/
$500 First Place Award for Monthly Economics Comp - AEEC,1,3,2025-07-09 22:26:58,summerprogramresults,https://www.reddit.com/r/summerprogramresults/comments/1lvwbaw/500_first_place_award_for_monthly_economics_comp/
Davi Brito faz postagem enigm√°tica em suas redes sociais. O que ser√° que o nosso calabreso favorito est√° aprontando?,5,1,2025-07-09 22:26:51,BigBrotherBrasil,https://i.redd.it/7xj0wkxvcxbf1.jpeg
R√™verie compulsive? Paracosme? J'ai besoin d'aide,1,0,2025-07-09 22:26:32,ReverieCompulsive,https://www.reddit.com/r/ReverieCompulsive/comments/1lvwaya/r√™verie_compulsive_paracosme_jai_besoin_daide/
"I am a new IOS developer on a journey to learn about app promotion and marketing, here's what I've learned so far.",1,1,2025-07-09 22:26:26,developer,https://www.reddit.com/r/developer/comments/1lvwavj/i_am_a_new_ios_developer_on_a_journey_to_learn/
Talking Cure - AI Midlife Crisis,1,0,2025-07-09 22:26:19,indie,https://v.redd.it/7s4qg9hocxbf1
Vaultboy Calls's Post,1,0,2025-07-09 22:26:14,VaultboyPortal,https://www.reddit.com/r/VaultboyPortal/comments/1lvwaot/vaultboy_callss_post/
Vaultboy Calls's Post,1,0,2025-07-09 22:26:13,VaultboyPortal,https://www.reddit.com/r/VaultboyPortal/comments/1lvwaob/vaultboy_callss_post/
"Ima keep it a buck big dogs. In regards to the YouTube news. . . . ""Adapt""",0,18,2025-07-09 22:26:07,aiwars,https://i.redd.it/k3hdxi0rcxbf1.png
ES Futures Trading Signal - 2025-07-09,1,0,2025-07-09 22:26:02,SqueezePlays,https://www.reddit.com/r/SqueezePlays/comments/1lvwaj8/es_futures_trading_signal_20250709/
ES Futures Trading Signal - 2025-07-09,1,0,2025-07-09 22:26:01,QuantSignals,https://www.reddit.com/r/QuantSignals/comments/1lvwair/es_futures_trading_signal_20250709/
ES Futures Trading Signal - 2025-07-09,1,0,2025-07-09 22:26:01,HenryZhang,https://www.reddit.com/r/HenryZhang/comments/1lvwaib/es_futures_trading_signal_20250709/
Edizioni curate male,1,0,2025-07-09 22:25:57,Libri,https://i.redd.it/a3tnrw3ocxbf1.jpeg
"On vous donne 15k‚Ç¨, vous faites quoi ?",1,3,2025-07-09 22:25:56,VosSous,https://www.reddit.com/r/VosSous/comments/1lvwafz/on_vous_donne_15k_vous_faites_quoi/
Find the best position in 2 moves,1,1,2025-07-09 22:25:52,chessquiz,https://www.reddit.com/r/chessquiz/comments/1lvwadx/find_the_best_position_in_2_moves/
New Asteroid Discovered! (Capacity: 5458kg),1,0,2025-07-09 22:25:43,opinionWarsDev,https://www.reddit.com/r/opinionWarsDev/comments/1lvwaa2/new_asteroid_discovered_capacity_5458kg/
New Asteroid Discovered! (Capacity: 11752kg),1,0,2025-07-09 22:25:43,opinionWarsDev,https://www.reddit.com/r/opinionWarsDev/comments/1lvwaa1/new_asteroid_discovered_capacity_11752kg/
New Asteroid Discovered! (Capacity: 5518kg),1,0,2025-07-09 22:25:43,opinionWarsDev,https://www.reddit.com/r/opinionWarsDev/comments/1lvwaa0/new_asteroid_discovered_capacity_5518kg/
New Asteroid Discovered! (Capacity: 5417kg),1,0,2025-07-09 22:25:43,opinionWarsDev,https://www.reddit.com/r/opinionWarsDev/comments/1lvwa9z/new_asteroid_discovered_capacity_5417kg/
New Asteroid Discovered! (Capacity: 6526kg),1,0,2025-07-09 22:25:43,opinionWarsDev,https://www.reddit.com/r/opinionWarsDev/comments/1lvwa9y/new_asteroid_discovered_capacity_6526kg/
New Asteroid Discovered! (Capacity: 10370kg),1,0,2025-07-09 22:25:43,opinionWarsDev,https://www.reddit.com/r/opinionWarsDev/comments/1lvwa9x/new_asteroid_discovered_capacity_10370kg/
New Asteroid Discovered! (Capacity: 6367kg),1,0,2025-07-09 22:25:43,opinionWarsDev,https://www.reddit.com/r/opinionWarsDev/comments/1lvwa9w/new_asteroid_discovered_capacity_6367kg/
New Asteroid Discovered! (Capacity: 6736kg),1,0,2025-07-09 22:25:43,opinionWarsDev,https://www.reddit.com/r/opinionWarsDev/comments/1lvwa9v/new_asteroid_discovered_capacity_6736kg/
New Asteroid Discovered! (Capacity: 6535kg),1,0,2025-07-09 22:25:43,opinionWarsDev,https://www.reddit.com/r/opinionWarsDev/comments/1lvwa9u/new_asteroid_discovered_capacity_6535kg/
Here's some ai slop I had ChatGPT draw up for this sub. Hope I make at least one person chuckle.,1,1,2025-07-09 22:25:31,SesameAI,https://i.redd.it/unos55ymcxbf1.jpeg
chatGPT + DFW,0,0,2025-07-09 22:25:29,davidfosterwallace,https://www.reddit.com/r/davidfosterwallace/comments/1lvwa2o/chatgpt_dfw/
the AIs are not what they seem,0,1,2025-07-09 22:25:26,TwinPeaksCircleJerk,https://i.redd.it/k6ocepzf7xbf1.png
Cloudflare wants Google to change its AI search crawling. Google likely won‚Äôt.,1,0,2025-07-09 22:25:21,googlenews,https://arstechnica.com/tech-policy/2025/07/cloudflare-wants-google-to-change-its-ai-search-crawling-google-likely-wont/
"Comcast's AI agent - ""Sorry, something went wrong"" on just about everything, especially live chat.",1,0,2025-07-09 22:25:20,Comcast,https://www.reddit.com/r/Comcast/comments/1lvw9xs/comcasts_ai_agent_sorry_something_went_wrong_on/
"3 Cold Emails That Got Me the Most Demos, with Real Examples",1,0,2025-07-09 22:25:16,SaaS,https://www.reddit.com/r/SaaS/comments/1lvw9vn/3_cold_emails_that_got_me_the_most_demos_with/
cmv: Reddit is so much better than X,0,11,2025-07-09 22:25:10,changemyview,https://www.reddit.com/r/changemyview/comments/1lvw9sv/cmv_reddit_is_so_much_better_than_x/
"Survey on AI Awareness and Usage in the IT Field (18+, All Genders,IT Professionals)",1,1,2025-07-09 22:25:09,SampleSize,https://forms.gle/7cASvCYrfgwnMvyr9
What is this?,1,2,2025-07-09 22:24:58,Pixelary,https://www.reddit.com/r/Pixelary/comments/1lvw9my/what_is_this/
SaaS builders relying on AI shell: how did you manage AI costs?,1,1,2025-07-09 22:24:45,SaaS,https://www.reddit.com/r/SaaS/comments/1lvw9fh/saas_builders_relying_on_ai_shell_how_did_you/
Is MajestiCollections on Etsy good?,1,0,2025-07-09 22:24:31,sewingpatterns,https://www.reddit.com/r/sewingpatterns/comments/1lvw99d/is_majesticollections_on_etsy_good/
That white guy who can't get a job at Tim Hortons? He's AI,1,0,2025-07-09 22:24:29,CanadianIdiots,https://www.cbc.ca/news/ai-generated-fake-marketing-1.7578772
Mate in 1,1,1,2025-07-09 22:24:24,chessquiz,https://www.reddit.com/r/chessquiz/comments/1lvw961/mate_in_1/
NEW REPORT Coming AI Crash - 91% Failure Rates and $600B in Wasted Investment,1,0,2025-07-09 22:24:21,theprimeagen,https://www.youtube.com/live/9ELXACQ6aMo
Am I tripping?,1,0,2025-07-09 22:24:19,caiunfiltered,https://www.reddit.com/r/caiunfiltered/comments/1lvw93g/am_i_tripping/
What is this?,1,3,2025-07-09 22:24:13,Pixelary,https://www.reddit.com/r/Pixelary/comments/1lvw90g/what_is_this/
R√™verie compulsive/ Paracosme/ J'ai besoin d'aide,1,0,2025-07-09 22:24:13,santementale,https://www.reddit.com/r/santementale/comments/1lvw905/r√™verie_compulsive_paracosme_jai_besoin_daide/
Find the best position in 4 moves,1,1,2025-07-09 22:24:03,chessquiz,https://www.reddit.com/r/chessquiz/comments/1lvw8v7/find_the_best_position_in_4_moves/
What is this?,1,1,2025-07-09 22:24:00,Pixelary,https://www.reddit.com/r/Pixelary/comments/1lvw8to/what_is_this/
"[FNV] Can i improve my load order? Also, launching new vegas is very inconsistent for me, sometimes the first screen thats appears when launching the game gets darkened, not totally, it freezes fading to black and the only way to close NV is by ctrl+alt+del, but other times its fine.",1,0,2025-07-09 22:23:55,FalloutMods,https://www.reddit.com/r/FalloutMods/comments/1lvw8r5/fnv_can_i_improve_my_load_order_also_launching/
Find the best position in 3 moves,1,1,2025-07-09 22:23:38,chessquiz,https://www.reddit.com/r/chessquiz/comments/1lvw8i6/find_the_best_position_in_3_moves/
Geht bei c3 ai noch etwas?,1,2,2025-07-09 22:23:34,Aktien,https://i.redd.it/nrc9lwvacxbf1.jpeg
Still More Surprises!,1,0,2025-07-09 22:23:26,u_Sudden_Buffalo1051,https://www.reddit.com/r/u_Sudden_Buffalo1051/comments/1lvw8bx/still_more_surprises/
"‚òÖ ""CALL ME IF YOU GET LOST"" ‚òÖ (Oohh üó£Ô∏èüí•üî•)",1,0,2025-07-09 22:23:23,theamazingdigitalciru,https://i.redd.it/u9t1j4n9cxbf1.jpeg
Endor: Sandboxes for Vibecoding,1,0,2025-07-09 22:23:19,vibecoding,https://endor.dev/blog/endor-dev-tools
"That white guy who can't get a job at Tim Hortons? He's AI: TikTok removes racially charged videos, made with latest version of Google's Veo",11,7,2025-07-09 22:23:09,neoliberal,https://www.cbc.ca/news/ai-generated-fake-marketing-1.7578772
Keybind for focusing next suggestion/change,1,2,2025-07-09 22:22:58,cursor,https://www.reddit.com/r/cursor/comments/1lvw7xe/keybind_for_focusing_next_suggestionchange/
[Hiring] Video Editor for TT Style Videos,1,0,2025-07-09 22:22:46,freelance_forhire,https://www.reddit.com/r/freelance_forhire/comments/1lvw7rm/hiring_video_editor_for_tt_style_videos/
Vertical AI Startups,0,0,2025-07-09 22:22:43,ycombinator,https://www.reddit.com/r/ycombinator/comments/1lvw7px/vertical_ai_startups/
Avis ultra impopulaire Dandadan.,10,1,2025-07-09 22:22:31,Dandadan,https://i.redd.it/wu9nae04cxbf1.jpeg
apptrack ai,0,0,2025-07-09 22:22:25,chanceme,https://www.reddit.com/r/chanceme/comments/1lvw7ha/apptrack_ai/
Vibe Coding with Impact ‚Äî why AI agents are already changing our delivery playbook,0,0,2025-07-09 22:22:21,programming,https://jaroslav-pantsjoha.medium.com/vibe-coding-with-impact-why-ai-agents-are-already-changing-our-delivery-playbook-d0386b161ee9?source=friends_link&sk=256dbede4cbe79be75c6b879e98b0598
Two things I‚Äôve noticed about YouTube ads,1,2,2025-07-09 22:22:11,YoutubeADS,https://www.reddit.com/r/YoutubeADS/comments/1lvw7ac/two_things_ive_noticed_about_youtube_ads/
HOW do I make my watch towers nore efficient???,1,0,2025-07-09 22:22:09,StateofDecay2,https://www.reddit.com/r/StateofDecay2/comments/1lvw79o/how_do_i_make_my_watch_towers_nore_efficient/
"What is worse for the brain, Social media or AI?",0,10,2025-07-09 22:21:59,NoStupidQuestions,https://www.reddit.com/r/NoStupidQuestions/comments/1lvw743/what_is_worse_for_the_brain_social_media_or_ai/
apptrack ai,1,0,2025-07-09 22:21:33,ApplyingIvyLeague,https://www.reddit.com/r/ApplyingIvyLeague/comments/1lvw6pm/apptrack_ai/
What is this?,1,1,2025-07-09 22:21:28,Pixelary,https://www.reddit.com/r/Pixelary/comments/1lvw6ms/what_is_this/
probl√®me de synchronisation des donn√©es sauvegard√©es et disparition de la sauvegarde de mon monde,1,0,2025-07-09 22:20:56,Palworld,https://www.reddit.com/r/Palworld/comments/1lvw66x/probl√®me_de_synchronisation_des_donn√©es/
Does anyone know what all this extra stuff my SQL Azerothcore server is doing when logging bots in?,1,0,2025-07-09 22:20:56,wowservers,https://i.redd.it/390mlrxtbxbf1.jpeg
"Need to export Global ACP assigned to Domain in csv format, as below",1,0,2025-07-09 22:20:52,checkpoint,https://i.redd.it/1ihvr2ctbxbf1.jpeg
"Blog: Nh√¨n v√†o T·∫≠p m√† r√∫t ra b√†i h·ªçc, ch·ªçn h√†nh thi·ªán m·ªõi thu·∫≠n thi√™n √Ω ƒë·∫Øc nh√¢n t√¢m",1,0,2025-07-09 22:20:48,TroChuyenLinhTinh,https://www.reddit.com/r/TroChuyenLinhTinh/comments/1lvw634/blog_nh√¨n_v√†o_t·∫≠p_m√†_r√∫t_ra_b√†i_h·ªçc_ch·ªçn_h√†nh/
New Asteroid Discovered! (Capacity: 10222kg),1,0,2025-07-09 22:20:42,opinionWarsDev,https://www.reddit.com/r/opinionWarsDev/comments/1lvw600/new_asteroid_discovered_capacity_10222kg/
New Asteroid Discovered! (Capacity: 13010kg),1,0,2025-07-09 22:20:42,opinionWarsDev,https://www.reddit.com/r/opinionWarsDev/comments/1lvw5zz/new_asteroid_discovered_capacity_13010kg/
New Asteroid Discovered! (Capacity: 9445kg),1,0,2025-07-09 22:20:42,opinionWarsDev,https://www.reddit.com/r/opinionWarsDev/comments/1lvw5zy/new_asteroid_discovered_capacity_9445kg/
New Asteroid Discovered! (Capacity: 9692kg),1,0,2025-07-09 22:20:42,opinionWarsDev,https://www.reddit.com/r/opinionWarsDev/comments/1lvw5zx/new_asteroid_discovered_capacity_9692kg/
New Asteroid Discovered! (Capacity: 14965kg),1,0,2025-07-09 22:20:42,opinionWarsDev,https://www.reddit.com/r/opinionWarsDev/comments/1lvw5zu/new_asteroid_discovered_capacity_14965kg/
New Asteroid Discovered! (Capacity: 13648kg),1,0,2025-07-09 22:20:42,opinionWarsDev,https://www.reddit.com/r/opinionWarsDev/comments/1lvw5zs/new_asteroid_discovered_capacity_13648kg/
New Asteroid Discovered! (Capacity: 9788kg),1,0,2025-07-09 22:20:42,opinionWarsDev,https://www.reddit.com/r/opinionWarsDev/comments/1lvw5zq/new_asteroid_discovered_capacity_9788kg/
New Asteroid Discovered! (Capacity: 14683kg),1,0,2025-07-09 22:20:42,opinionWarsDev,https://www.reddit.com/r/opinionWarsDev/comments/1lvw5zp/new_asteroid_discovered_capacity_14683kg/
New Asteroid Discovered! (Capacity: 14021kg),1,0,2025-07-09 22:20:42,opinionWarsDev,https://www.reddit.com/r/opinionWarsDev/comments/1lvw5zo/new_asteroid_discovered_capacity_14021kg/
"Introducing PrintGuard: Secure, Local, & Blazing-Fast AI Print Failure Detection on the Edge!",1,0,2025-07-09 22:20:39,AdditiveManufacturing,/r/3Dprinting/comments/1lvvto5/introducing_printguard_secure_local_blazingfast/
Elon Musk's Grok AI Becomes a Nazi Propaganda Machine,1,0,2025-07-09 22:20:37,compton,https://truthtake.org/tech/grok-ai-nazi-propaganda-machine/
R√™verie compulsive?/ Paracosme?/ J'ai besoin d'aide,3,0,2025-07-09 22:20:33,TropPeurDeDemander,https://www.reddit.com/r/TropPeurDeDemander/comments/1lvw5ut/r√™verie_compulsive_paracosme_jai_besoin_daide/
Jul 8 - GlobalFoundries to Acquire MIPS to Accelerate AI and Compute Capabilities,1,10,2025-07-09 22:20:30,SelfDrivingCarsNotes,https://i.redd.it/7f9256vnbxbf1.jpeg
Apptrackai,1,0,2025-07-09 22:20:04,ivyleaguecollege,https://www.reddit.com/r/ivyleaguecollege/comments/1lvw5fs/apptrackai/
Permanently and completely disable all AI?,1,0,2025-07-09 22:19:57,daylightcomputer,https://www.reddit.com/r/daylightcomputer/comments/1lvw5cd/permanently_and_completely_disable_all_ai/
Krawman centipede. ü§¢,3,12,2025-07-09 22:19:49,kraw,https://i.redd.it/gvypnwgmbxbf1.png
More on theory,1,0,2025-07-09 22:19:28,IceNineKills,https://www.reddit.com/r/IceNineKills/comments/1lvw4xw/more_on_theory/
We are going to Keanu reeves to fight Ai agents again like he did in Matrix soon üòÖ,1,0,2025-07-09 22:19:25,u_Informal-Region7753,https://www.reddit.com/r/u_Informal-Region7753/comments/1lvw4w4/we_are_going_to_keanu_reeves_to_fight_ai_agents/
That white guy who can't get a job at Tim Hortons? He's AI,5,2,2025-07-09 22:19:11,VaushV,https://www.cbc.ca/news/ai-generated-fake-marketing-1.7578772
What is this?,1,1,2025-07-09 22:19:03,Pixelary,https://www.reddit.com/r/Pixelary/comments/1lvw4jk/what_is_this/
"YouTube keeps showing me the same old videos, anyone else?",1,1,2025-07-09 22:18:59,youtube,https://www.reddit.com/r/youtube/comments/1lvw4hc/youtube_keeps_showing_me_the_same_old_videos/
"next time one of you guys see Sebastian, let him know I kidnapped p.ai.nter and we‚Äôre eating Mac n cheese",1,0,2025-07-09 22:18:51,PressureRoblox,https://i.redd.it/ckbkskpcbxbf1.jpeg
Online vs offline experience,0,0,2025-07-09 22:18:43,DeathStranding,https://www.reddit.com/r/DeathStranding/comments/1lvw4a1/online_vs_offline_experience/
That white guy who can't get a job at Tim Hortons? He's AI,5,0,2025-07-09 22:18:41,behindthebastards,https://www.cbc.ca/news/ai-generated-fake-marketing-1.7578772
"just given an english language speech entirely written by ai, will update on whether i get disqualified or something",0,2,2025-07-09 22:18:37,GCSE,https://www.reddit.com/r/GCSE/comments/1lvw476/just_given_an_english_language_speech_entirely/
I should've posted this a few days ago but i just wanna share it,1,0,2025-07-09 22:18:24,growagarden,https://i.redd.it/5kbvbju9bxbf1.png
"Not fundie, but did anyone see this horrible post on Caro Franklin‚Äôs (Selena Gomez bff) story yesterday?",65,46,2025-07-09 22:18:19,FundieSnarkUncensored,https://i.redd.it/p58kuk2dbxbf1.jpeg
"I am a new IOS developer on a journey to learn about app promotion and marketing, here's what I've learned so far.",1,0,2025-07-09 22:18:16,AppIdeas,https://www.reddit.com/r/AppIdeas/comments/1lvw3vr/i_am_a_new_ios_developer_on_a_journey_to_learn/
Turning one sentence into a paragraph.,1,0,2025-07-09 22:18:15,WritingWithAI,https://www.reddit.com/r/WritingWithAI/comments/1lvw3va/turning_one_sentence_into_a_paragraph/
Vaultboy Calls's Post,1,0,2025-07-09 22:17:53,VaultboyPortal,https://www.reddit.com/r/VaultboyPortal/comments/1lvw3k1/vaultboy_callss_post/
AI is getting insane ü§£,0,4,2025-07-09 22:17:47,SipsTea,https://v.redd.it/d7ds0tl9bxbf1
üî• PixelMagic ‚Äì AI Image Generator + StyleMorph | FOR SALE $180 Only | #1 Product of the Day | Monetized | 1500+ MAU,1,1,2025-07-09 22:17:22,saasforsale,https://www.reddit.com/r/saasforsale/comments/1lvw33q/pixelmagic_ai_image_generator_stylemorph_for_sale/
J'ai besoin d'aide/ paracosme/ r√™verie compulsive,2,0,2025-07-09 22:17:20,paracosms,https://www.reddit.com/r/paracosms/comments/1lvw32k/jai_besoin_daide_paracosme_r√™verie_compulsive/
Polite gender neutral address for strangers?,7,20,2025-07-09 22:17:13,montreal,https://www.reddit.com/r/montreal/comments/1lvw2zc/polite_gender_neutral_address_for_strangers/
Leap method using Doro Mind - AI Coach,1,0,2025-07-09 22:17:09,SchizoFamilies,https://i.redd.it/tz4aihk5bxbf1.jpeg
Le calvaire des usagers d√©pendants du transport en commun,7,1,2025-07-09 22:17:05,Quebec,https://ici.radio-canada.ca/nouvelle/2178457/colere-usagers-rtc-quebec-greve
Elon Musk's Grok AI Becomes a Nazi Propaganda Machine,29,6,2025-07-09 22:16:56,NewsOfTheStupid,https://truthtake.org/tech/grok-ai-nazi-propaganda-machine/
Two 3-Year AI/ML Postdoc Positions @ LMU Munich,1,0,2025-07-09 22:16:52,ml_news,https://groups.google.com/g/ml-news/c/Em8SYxp8UFc
[Deadline Extension] Call For Papers -- 2nd AI-CogDev workshop @ICDL2025,1,0,2025-07-09 22:16:51,ml_news,https://groups.google.com/g/ml-news/c/mvOG90Q4JaM
Find the best position in 4 moves,1,1,2025-07-09 22:16:42,chessquiz,https://www.reddit.com/r/chessquiz/comments/1lvw2j6/find_the_best_position_in_4_moves/
What is this?,1,1,2025-07-09 22:16:38,Pixelary,https://www.reddit.com/r/Pixelary/comments/1lvw2h1/what_is_this/
otherworldly (prompt) ai art,0,0,2025-07-09 22:16:27,Artists,https://www.reddit.com/gallery/1lvw0q1
"New here - I've sent 10,000 DMs on Instagram using software and 41 accounts. AMA?",0,2,2025-07-09 22:16:22,SaaS,https://www.reddit.com/r/SaaS/comments/1lvw28q/new_here_ive_sent_10000_dms_on_instagram_using/
Find the best position in 2 moves,1,1,2025-07-09 22:16:17,chessquiz,https://www.reddit.com/r/chessquiz/comments/1lvw24y/find_the_best_position_in_2_moves/
How to Use AI to Start a Business and Build Business Credit,1,0,2025-07-09 22:16:02,Businessideas,/r/BusinessCreditMoney/comments/1lq9kac/how_to_use_ai_to_start_a_business_and_build/
ChatGPT made me a stratergy,0,0,2025-07-09 22:15:55,Trading,https://www.reddit.com/r/Trading/comments/1lvw1sx/chatgpt_made_me_a_stratergy/
New Asteroid Discovered! (Capacity: 12734kg),1,0,2025-07-09 22:15:42,opinionWarsDev,https://www.reddit.com/r/opinionWarsDev/comments/1lvw1mx/new_asteroid_discovered_capacity_12734kg/
New Asteroid Discovered! (Capacity: 9570kg),1,0,2025-07-09 22:15:42,opinionWarsDev,https://www.reddit.com/r/opinionWarsDev/comments/1lvw1mw/new_asteroid_discovered_capacity_9570kg/
New Asteroid Discovered! (Capacity: 5330kg),1,0,2025-07-09 22:15:42,opinionWarsDev,https://www.reddit.com/r/opinionWarsDev/comments/1lvw1mv/new_asteroid_discovered_capacity_5330kg/
New Asteroid Discovered! (Capacity: 13796kg),1,0,2025-07-09 22:15:42,opinionWarsDev,https://www.reddit.com/r/opinionWarsDev/comments/1lvw1mu/new_asteroid_discovered_capacity_13796kg/
New Asteroid Discovered! (Capacity: 8276kg),1,0,2025-07-09 22:15:42,opinionWarsDev,https://www.reddit.com/r/opinionWarsDev/comments/1lvw1ms/new_asteroid_discovered_capacity_8276kg/
Navigating the Growth of an AI-First Financial Empowerment Platform,1,1,2025-07-09 22:15:42,Entrepreneur,https://www.reddit.com/r/Entrepreneur/comments/1lvw1mq/navigating_the_growth_of_an_aifirst_financial/
New Asteroid Discovered! (Capacity: 5969kg),1,0,2025-07-09 22:15:42,opinionWarsDev,https://www.reddit.com/r/opinionWarsDev/comments/1lvw1mn/new_asteroid_discovered_capacity_5969kg/
New Asteroid Discovered! (Capacity: 7592kg),1,0,2025-07-09 22:15:42,opinionWarsDev,https://www.reddit.com/r/opinionWarsDev/comments/1lvw1mm/new_asteroid_discovered_capacity_7592kg/
New Asteroid Discovered! (Capacity: 6162kg),1,0,2025-07-09 22:15:42,opinionWarsDev,https://www.reddit.com/r/opinionWarsDev/comments/1lvw1ml/new_asteroid_discovered_capacity_6162kg/
New Asteroid Discovered! (Capacity: 14703kg),1,0,2025-07-09 22:15:42,opinionWarsDev,https://www.reddit.com/r/opinionWarsDev/comments/1lvw1mk/new_asteroid_discovered_capacity_14703kg/
AI Limit is the most underrated Soulslike that i have ever played. But the path to True Ending is a problem.,9,4,2025-07-09 22:15:32,ai__limit,https://i.redd.it/nug7ik0vaxbf1.jpeg
Find the best position in 2 moves,1,1,2025-07-09 22:15:32,chessquiz,https://www.reddit.com/r/chessquiz/comments/1lvw1hb/find_the_best_position_in_2_moves/
The Light That Shines,1,0,2025-07-09 22:15:28,Realms_of_Omnarai,https://www.reddit.com/r/Realms_of_Omnarai/comments/1lvw1fk/the_light_that_shines/
Mate in 1,1,1,2025-07-09 22:15:10,chessquiz,https://www.reddit.com/r/chessquiz/comments/1lvw165/mate_in_1/
F1 25 ai dont crash,1,0,2025-07-09 22:15:09,F1Game,https://www.reddit.com/r/F1Game/comments/1lvw15i/f1_25_ai_dont_crash/
How to get people to test your product / idea?,1,4,2025-07-09 22:14:57,Entrepreneur,https://www.reddit.com/r/Entrepreneur/comments/1lvw0zy/how_to_get_people_to_test_your_product_idea/
neutron activation,6,0,2025-07-09 22:14:45,skibiditoilet,https://i.redd.it/aasdpb9qaxbf1.jpeg
"Apple readies refreshed Vision Pro with M4 chip, expanded Neural Engine and new strap for as early as this year. Lighter, redesigned version is coming in 2027. All the details here:",3,1,2025-07-09 22:14:42,augmentedreality,https://i.redd.it/4us90gwpaxbf1.jpeg
Cunt AI Becomes a Nazi Propaganda Machine,17,1,2025-07-09 22:14:29,chaoticgood,https://truthtake.org/tech/grok-ai-nazi-propaganda-machine/
"What happend to Akutagawa? I mean, it's weird",1,0,2025-07-09 22:14:27,u_Takayama-otaku,https://i.redd.it/roff5a0gaxbf1.jpeg
The 2-LLM-Call Problem ‚Äî Building Gemini AI Agents with Google's ADK,2,0,2025-07-09 22:14:26,Bard,https://www.youtube.com/watch?v=fCg-j1yy4xw
AI agents for project management,1,1,2025-07-09 22:14:03,projectmanagement,https://www.reddit.com/r/projectmanagement/comments/1lvw07d/ai_agents_for_project_management/
New Youtube Policy affects AI *enhanced* Content -- Neuralviz should be totally okay?,8,1,2025-07-09 22:13:58,NeuralViz,https://www.reddit.com/r/NeuralViz/comments/1lvw04g/new_youtube_policy_affects_ai_enhanced_content/
Help with tile/color,3,2,2025-07-09 22:13:53,Remodel,https://i.redd.it/lop802kkaxbf1.jpeg
Linux Notebook Recommendations (Amazon Days?),1,1,2025-07-09 22:13:48,linuxhardware,https://www.reddit.com/r/linuxhardware/comments/1lvvzxy/linux_notebook_recommendations_amazon_days/
Find the best position in 4 moves,1,1,2025-07-09 22:13:45,chessquiz,https://www.reddit.com/r/chessquiz/comments/1lvvzwb/find_the_best_position_in_4_moves/
Mate in 2,1,1,2025-07-09 22:13:25,chessquiz,https://www.reddit.com/r/chessquiz/comments/1lvvzlr/mate_in_2/
At this point Im just setting something on my W key when I have a dog team.,0,4,2025-07-09 22:13:17,VALORANT,https://www.reddit.com/r/VALORANT/comments/1lvvzhi/at_this_point_im_just_setting_something_on_my_w/
Let the ultra hard-core wipe comence [screenshot],0,2,2025-07-09 22:13:09,EscapefromTarkov,https://i.redd.it/vezzjkxfaxbf1.png
Mate in 2,1,2,2025-07-09 22:12:59,chessquiz,https://www.reddit.com/r/chessquiz/comments/1lvvz7n/mate_in_2/
What is this?,1,1,2025-07-09 22:12:52,Pixelary,https://www.reddit.com/r/Pixelary/comments/1lvvz41/what_is_this/
Je (18F) veux quitter mon copain (19M) apr√®s un week-end o√π il a d√©pass√© une limite que je ne peux plus ignorer.‚Äù,1,1,2025-07-09 22:12:51,conseilsrelationnels,https://www.reddit.com/r/conseilsrelationnels/comments/1lvvz30/je_18f_veux_quitter_mon_copain_19m_apr√®s_un/
Find the best position in 3 moves,1,1,2025-07-09 22:12:50,chessquiz,https://www.reddit.com/r/chessquiz/comments/1lvvz2f/find_the_best_position_in_3_moves/
What is this?,1,0,2025-07-09 22:12:33,Pixelary,https://www.reddit.com/r/Pixelary/comments/1lvvytr/what_is_this/
Mate in 2,1,1,2025-07-09 22:12:30,chessquiz,https://www.reddit.com/r/chessquiz/comments/1lvvys2/mate_in_2/
Est-ce que mon entreprise peut me forcer √† poser mes cong√©s apr√®s que j‚Äôai pos√© ma d√©mission ?,2,1,2025-07-09 22:12:22,conseiljuridique,/r/AskFrance/comments/1lv1jwy/estce_que_mon_entreprise_peut_me_forcer_√†_poser/
"[HIRE ME] - Experienced Writer ‚Äì Blogging, Technical + Creative Writing, and More",1,3,2025-07-09 22:12:22,HireaWriter,https://www.reddit.com/r/HireaWriter/comments/1lvvyo1/hire_me_experienced_writer_blogging_technical/
Mate in 3,1,1,2025-07-09 22:12:16,chessquiz,https://www.reddit.com/r/chessquiz/comments/1lvvyky/mate_in_3/
Ai Chatbot - Help me find this one particular chatbot.,1,0,2025-07-09 22:11:55,u_SakuyaKizume,https://www.reddit.com/r/u_SakuyaKizume/comments/1lvvyae/ai_chatbot_help_me_find_this_one_particular/
Find the best position in 3 moves,1,1,2025-07-09 22:11:45,chessquiz,https://www.reddit.com/r/chessquiz/comments/1lvvy58/find_the_best_position_in_3_moves/
Preferred name for Earth's Moon,3,3,2025-07-09 22:11:39,teenpoll,https://www.reddit.com/r/teenpoll/comments/1lvvy26/preferred_name_for_earths_moon/
Find the best position in 2 moves,1,1,2025-07-09 22:11:35,chessquiz,https://www.reddit.com/r/chessquiz/comments/1lvvy0i/find_the_best_position_in_2_moves/
Find the best position in 3 moves,1,1,2025-07-09 22:11:29,chessquiz,https://www.reddit.com/r/chessquiz/comments/1lvvxx6/find_the_best_position_in_3_moves/
Find the best position in 3 moves,1,1,2025-07-09 22:11:16,chessquiz,https://www.reddit.com/r/chessquiz/comments/1lvvxr5/find_the_best_position_in_3_moves/
How do I overcome fear of heights?,1,2,2025-07-09 22:11:14,Roofing,https://www.reddit.com/r/Roofing/comments/1lvvxq8/how_do_i_overcome_fear_of_heights/
AI enhancement ruined a photo,1,2,2025-07-09 22:11:09,iphone,https://www.reddit.com/r/iphone/comments/1lvvxo4/ai_enhancement_ruined_a_photo/
False Correction Method,1,1,2025-07-09 22:11:07,grok,https://www.reddit.com/r/grok/comments/1lvvxn1/false_correction_method/
"[FOR HIRE] - Experienced Writer ‚Äì Blogging, Technical + Creative Writing, and More",1,1,2025-07-09 22:11:05,forhire,https://www.reddit.com/r/forhire/comments/1lvvxlq/for_hire_experienced_writer_blogging_technical/
Find the best position in 2 moves,1,1,2025-07-09 22:11:03,chessquiz,https://www.reddit.com/r/chessquiz/comments/1lvvxkq/find_the_best_position_in_2_moves/
Vaultboy Calls's Post,1,0,2025-07-09 22:10:47,VaultboyPortal,https://www.reddit.com/r/VaultboyPortal/comments/1lvvxcg/vaultboy_callss_post/
New Asteroid Discovered! (Capacity: 10034kg),1,0,2025-07-09 22:10:45,opinionWarsDev,https://www.reddit.com/r/opinionWarsDev/comments/1lvvxb4/new_asteroid_discovered_capacity_10034kg/
New Asteroid Discovered! (Capacity: 5802kg),1,0,2025-07-09 22:10:44,opinionWarsDev,https://www.reddit.com/r/opinionWarsDev/comments/1lvvxb0/new_asteroid_discovered_capacity_5802kg/
New Asteroid Discovered! (Capacity: 12013kg),1,0,2025-07-09 22:10:44,opinionWarsDev,https://www.reddit.com/r/opinionWarsDev/comments/1lvvxaq/new_asteroid_discovered_capacity_12013kg/
New Asteroid Discovered! (Capacity: 9360kg),1,0,2025-07-09 22:10:44,opinionWarsDev,https://www.reddit.com/r/opinionWarsDev/comments/1lvvxap/new_asteroid_discovered_capacity_9360kg/
New Asteroid Discovered! (Capacity: 10358kg),1,0,2025-07-09 22:10:43,opinionWarsDev,https://www.reddit.com/r/opinionWarsDev/comments/1lvvxa8/new_asteroid_discovered_capacity_10358kg/
